label,urgency,threat,greed
0,0.05256379296466232,0.14859534733961202,0.04998792562183048
1,0.2672171891285176,0.5010021646756995,0.32999278441433494
