train_loss,val_loss,val_f1
0.10083954361396849,0.03674106048129033,0.988560157790927
0.014947110036774262,0.02602954907128244,0.99296875
0.002613566208624859,0.02265398500789254,0.9933411672542107
