train_loss,val_loss,val_f1
0.1033482579877507,0.023668430326021433,0.9921445404556166
0.013980073216899303,0.02209542421676302,0.992930086410055
0.002336898936294611,0.028251797762468646,0.9937304075235109
